food;serving_size_g;calories_kcal;protein_g;fat_g;carbohydrates_g;vitamin_a_mg;vitamin_b6_mg;vitamin_b12_mg;vitamin_c_mg;vitamin_d_mg;vitamin_e_mg;calcium_mg;iron_mg;potassium_mg;magnesium_mg;selenium_mg;zinc_mg;iodine_mg;allergens
Apple;100;52;0.3;0.2;14;0.054;0.041;0;4.6;0;0.18;6;0.12;107;5;0;0.04;1;
Banana;100;89;1.1;0.3;23;0.064;0.367;0;8.7;0;0.1;5;0.26;358;27;1;0.15;2;
Orange;100;47;0.9;0.1;12;0.225;0.06;0;53.2;0;0.18;40;0.1;181;10;0;0.07;0;
Pear;100;57;0.4;0.1;15;0;0.029;0;4.3;0;0.12;9;0.18;119;7;0;0.06;1;
Grapes;100;69;0.6;0.2;18;0;0.086;0;10.8;0;0.19;10;0.36;191;7;0;0.07;1;
Watermelon;100;30;0.6;0.2;8;0.028;0.045;0;8.1;0;0.05;7;0.24;112;10;0;0.1;1;
Pineapple;100;50;0.5;0.1;13;0.058;0.112;0;47.8;0;0.02;13;0.29;109;12;0;0.12;1;
Mango;100;60;0.8;0.4;15;0.054;0.119;0;36.4;0;0.9;11;0.16;168;10;0;0.09;1;
Kiwi;100;41;1.1;0.5;10;0.087;0.063;0;92.7;0;1.5;34;0.31;312;17;0;0.14;2;
Strawberry;100;32;0.7;0.3;7.7;0.001;0.047;0;58.8;0;0.29;16;0.41;153;13;0;0.14;1;
Blueberry;100;57;0.7;0.3;14.5;0.003;0.052;0;9.7;0;0.57;6;0.28;77;6;0;0.16;1;
Raspberry;100;52;1.2;0.7;12;0.002;0.055;0;26.2;0;0.87;25;0.69;151;22;0;0.42;2;
Peach;100;39;0.9;0.3;10;0.016;0.024;0;6.6;0;0.73;6;0.25;190;9;0;0.17;1;
Plum;100;46;0.7;0.3;11.4;0.017;0.029;0;9.5;0;0.26;6;0.17;157;7;0;0.1;1;
Cherry;100;50;1;0.3;12;0.064;0.049;0;10;0;0.26;13;0.36;173;11;0;0.1;1;
Apricot;100;48;1.4;0.4;11;0.096;0.054;0;10;0;0.89;13;0.39;259;10;0;0.2;2;
Avocado;100;160;2;15;9;0.007;0.257;0;10;0;2.07;12;0.55;485;29;0;0.64;2;
Tomato;100;18;0.9;0.2;3.9;0.083;0.08;0;13.7;0;0.54;10;0.27;237;11;0;0.17;1;
Cucumber;100;15;0.7;0.1;3.6;0.005;0.04;0;2.8;0;0.03;16;0.28;147;13;0;0.18;1;
Carrot;100;41;0.9;0.2;10;0.835;0.138;0;5.9;0;0.66;33;0.3;320;12;0;0.2;1;
Broccoli;100;34;2.8;0.4;7;0.031;0.175;0;89.2;0;0.78;47;0.73;316;21;0;0.41;2;
Spinach;100;23;2.9;0.4;3.6;0.469;0.195;0;28.1;0;2.03;99;2.7;558;79;1;0.53;3;
Lettuce;100;15;1.4;0.2;2.9;0.37;0.09;0;9.2;0;0.18;36;0.86;194;13;0;0.2;1;
Cabbage;100;25;1.3;0.1;6;0.005;0.124;0;36.6;0;0.15;40;0.47;170;12;0;0.18;1;
Cauliflower;100;25;1.9;0.3;5;0;0.184;0;48.2;0;0.08;22;0.42;142;15;0;0.18;1;
Potato;100;77;2;0.1;17;0;0.295;0;19.7;0;0.01;12;0.78;421;23;0;0.3;1;
Sweet potato;100;86;1.6;0.1;20;0.709;0.209;0;2.4;0;0.26;30;0.61;337;25;0;0.3;1;
Onion;100;40;1.1;0.1;9.3;0.001;0.12;0;7.4;0;0.02;23;0.21;146;10;0;0.17;1;
Garlic;100;149;6.4;0.5;33;0;1.235;0;31.2;0;0.08;181;1.7;401;25;14;1.16;3;
Beetroot;100;43;1.6;0.2;10;0.002;0.067;0;4.9;0;0.04;16;0.8;325;23;0;0.35;2;
Eggplant;100;25;1;0.2;6;0.001;0.084;0;2.2;0;0.3;9;0.24;229;14;0;0.16;1;
Zucchini;100;17;1.2;0.3;3.1;0.002;0.163;0;17.9;0;0.12;16;0.37;261;18;0;0.32;1;
Pumpkin;100;26;1;0.1;6.5;0.426;0.061;0;9;0;0.44;21;0.8;340;12;0;0.23;2;
Corn;100;96;3.4;1.5;21;0.009;0.093;0;6.8;0;0.49;2;0.52;270;37;0;0.46;1;Gluten
Peas;100;81;5.4;0.4;14.5;0.038;0.169;0;40;0;0.13;25;1.47;244;33;1;1.24;2;
Lentils;100;116;9;0.4;20;0;0.178;0;4.5;0;0.05;19;3.3;369;36;2;1.27;3;
Chickpeas;100;164;8.9;2.6;27;0;0.535;0;1.3;0;0.35;49;2.9;291;48;4;1.53;3;
Kidney beans;100;127;8.7;0.5;22;0;0.149;0;4.5;0;0.03;28;2.94;405;45;2;1.07;3;
Black beans;100;132;8.9;0.5;23.7;0;0.07;0;2.4;0;0.87;27;2.1;355;70;2;1.12;3;
Soybeans;100;446;36.5;19.9;30;0;0.377;0;6;0;0.85;277;15.7;1797;280;17;4.9;8;Soy
Tofu;100;76;8;4.8;1.9;0;0.1;0;0;0;0.01;350;5.4;121;30;17;1.8;8;Soy
Tempeh;100;193;19;10.8;9.4;0;0.408;0;0;0;0.85;111;2.7;412;81;0;1.14;3;Soy
Whole wheat bread;100;247;13;4.2;41;0;0.345;0;0;0;0.52;107;3.6;363;97;0;2.65;15;Gluten
White rice;100;130;2.7;0.3;28;0;0.1;0;0;0;0.04;10;1.2;35;12;0;0.6;1;Gluten
Brown rice;100;123;2.7;1;25.6;0;0.149;0;0;0;0.05;10;0.56;43;43;0;0.8;1;Gluten
Oats;100;389;16.9;6.9;66;0;0.12;0;0;0;0.42;54;4.7;429;177;34;3.97;1;Gluten
Buckwheat;100;343;13.3;3.4;71.5;0;0.21;0;0;0;0.05;18;2.2;460;231;8;2.4;2;
Quinoa;100;368;14.1;6.1;64;0;0.123;0;0;0;0.63;47;4.6;563;197;8;3.1;2;
Barley;100;354;12.5;2.3;73;0;0.26;0;0;0;0.02;29;2.5;452;133;0;2.1;1;Gluten
Rye bread;100;259;8.5;3.3;48.3;0;0.27;0;0;0;0.4;24;2.83;250;34;0;2.5;12;Gluten
Milk (whole);100;61;3.2;3.3;4.8;0.046;0.036;0.45;0;0.12;0.09;113;0.03;143;10;2;0.38;13;Milk
Skim milk;100;34;3.4;0.1;5;0.047;0.036;0.44;0;0.05;0.03;122;0.05;156;11;2;0.4;13;Milk
Yogurt (plain);100;63;5;1.6;7;0.028;0.045;0.37;0;0.03;0.06;121;0.05;155;11;2;0.5;13;Milk
Cheddar cheese;100;403;25;33;1.3;0.265;0.083;0.83;0;0.24;0.73;721;0.68;98;28;14;3.5;35;Milk
Cottage cheese;100;98;11;4.3;3.4;0.031;0.08;0.94;0;0;0.08;83;0.11;104;8;9;0.41;13;Milk
Butter;100;717;0.9;81;0.1;0.684;0.003;0.17;0;1.5;2.32;24;0.02;24;2;1;0.05;33;Milk
Cream;100;340;2;36;2.9;0.041;0.04;0.4;0;0.08;0.32;66;0.07;76;7;1;0.3;20;Milk
Egg (whole);100;143;12.6;9.9;0.7;0.149;0.17;1.11;0;1.8;1.05;56;1.75;126;11;31;1.29;47;Egg
Egg white;100;52;10.9;0.2;0.7;0;0.004;0.09;0;0;0;7;0.08;163;11;0;0.04;3;Egg
Beef (lean);100;250;26;15;0;0;0.38;2.6;0;0;0.23;18;2.6;318;21;33;5.0;20;
Pork (loin);100;242;27;14;0;0;0.5;0.7;0;0;0.3;19;1.0;423;24;33;2.4;15;
Chicken breast;100;165;31;3.6;0;0;0.6;0.3;0;0;0.27;15;1.0;256;29;24;1.0;10;
Turkey breast;100;135;29;1;0;0;0.6;0.2;0;0;0.27;12;1.2;239;26;28;1.1;8;
Lamb (lean);100;294;25;21;0;0;0.12;2.3;0;0;0.15;10;1.6;310;21;24;4.0;20;
Duck (meat only);100;337;19;28;0;0;0.23;0.4;0;0;0.4;11;2.7;204;18;0;2.0;5;
Salmon;100;208;20;13;0;0.04;0.94;3.2;0;10.9;1.1;9;0.34;363;29;36;0.64;30;Fish
Tuna;100;132;29;1;0;0;1.04;2.5;0;1.7;1.0;4;1.3;252;64;90;0.77;35;Fish
Cod;100;82;18;0.7;0;0.005;0.2;1.0;0;1;0.6;16;0.2;413;32;33;0.4;99;Fish
Shrimp;100;99;24;0.3;0.2;0;0.11;1.1;0;0;1.3;70;0.45;264;37;55;1.3;35;Shellfish
Mackerel;100;205;19;13.9;0;0.003;0.63;8.7;0;13.8;1.5;12;1.6;314;97;36;1.6;52;Fish
Sardine;100;208;25;11;0;0.03;0.17;8.9;0;4.8;2.0;382;2.9;397;39;52;1.3;34;Fish
Herring;100;217;20;15;0;0.03;0.26;8.9;0;16;1.7;77;1.1;327;34;39;1.2;40;Fish
Trout;100;141;20;6;0;0.025;0.15;4.4;0;16;1.5;25;0.3;314;31;36;0.9;35;Fish
Almonds;100;579;21;50;22;0;0.14;0;0;0;25.6;269;3.7;733;270;4;3.12;2;Nuts
Walnuts;100;654;15;65;14;0;0.54;0;1.3;0;0.7;98;2.9;441;158;5;3.1;3;Nuts
Hazelnuts;100;628;15;61;17;0;0.56;0;6.3;0;15;114;4.7;680;163;3;2.4;2;Nuts
Cashews;100;553;18;44;30;0;0.42;0;0.5;0;0.9;37;6.7;565;292;19;5.8;1;Nuts
Peanuts;100;567;26;49;16;0;0.35;0;0;0;8.3;92;4.6;705;168;7;3.3;2;Peanut
Sunflower seeds;100;584;21;51;20;0;1.35;0;1.4;0;35.2;78;5;850;325;53;5;5;
Pumpkin seeds;100;559;30;49;11;0;0.14;0;1.9;0;2.2;46;8.8;809;592;9;7.6;1;
Flaxseeds;100;534;18;42;29;0;0.47;0;0.6;0;0.31;255;5.7;813;392;25;4.3;2;
Chia seeds;100;486;16;31;42;0;0.6;0;1.6;0;0.5;631;7.7;407;335;55;4.6;2;
Olive oil;100;884;0;100;0;0;0;0;0;0;14.4;1;0;1;0;0;0;0;
Coconut oil;100;862;0;100;0;0;0;0;0;0;0.1;1;0;1;0;0;0;0;
Sunflower oil;100;884;0;100;0;0;0;0;0;0;41;1;0;1;0;0;0;0;
Canola oil;100;884;0;100;0;0;0;0;0;0;17.5;0;0;1;0;0;0;0;
Butter (salted);100;717;0.9;81;0.1;0.684;0.003;0.17;0;1.5;2.32;24;0.02;24;2;1;0.05;33;Milk
Mayonnaise;100;680;1;75;1;0;0.01;0.3;0;0;6.7;8;0.2;20;2;1;0.1;2;Egg
Ketchup;100;112;1.3;0.1;26;0.005;0.07;0;4;0;1.2;15;0.6;400;15;0;0.2;1;
Mustard;100;66;3.7;4.4;5.8;0;0.12;0;0.3;0;0.4;61;1.6;152;48;0;0.6;1;
Soy sauce;100;53;8;0;4.9;0;0.1;0;0;0;0.1;33;1.9;435;25;0;0.4;7;Soy,Gluten
Tomato paste;100;82;4.3;0.5;19;0.1;0.17;0;24;0;2.8;38;3.9;1010;54;0;0.9;1;
Vegetable soup;100;35;1.5;0.8;6;0.05;0.1;0;3;0;0.5;18;0.4;180;15;0;0.2;1;
Chicken soup;100;48;4;2;3;0;0.15;0.2;1;0;0.2;12;0.6;140;12;8;0.3;2;Egg
Beef stew;100;120;8;6;8;0;0.3;0.5;2;0;0.2;18;1.2;200;20;18;1.2;3;
Lentil soup;100;80;5;1;12;0;0.25;0;2;0;0.3;25;1.8;220;25;3;0.9;2;
Minestrone;100;70;2.5;1.5;10;0.05;0.15;0;4;0;0.5;22;0.6;250;18;0;0.3;1;
Chicken curry;100;150;12;8;6;0.01;0.35;0.2;3;0;0.8;30;1.1;220;25;15;1.2;2;
Beef curry;100;190;14;12;5;0;0.4;0.4;2;0;0.9;32;1.5;260;27;18;1.4;3;
Vegetable curry;100;110;3;6;12;0.06;0.2;0;6;0;0.9;35;1.2;280;20;0;0.4;2;
Fried rice;100;180;4;5;30;0;0.15;0;1;0;0.3;16;1.3;160;18;0;0.7;2;Gluten
Noodles (boiled);100;138;4.5;0.5;27;0;0.05;0;0;0;0.1;8;0.4;38;10;0;0.4;2;Gluten
Spaghetti with tomato sauce;100;155;5;3;26;0.05;0.1;0;3;0;0.5;20;1.1;180;15;0;0.6;2;Gluten
Pizza Margherita;100;266;11;9;33;0.05;0.12;0.3;2;0;0.9;188;1.4;204;23;10;1.2;7;Gluten,Milk
Pizza Pepperoni;100;298;13;14;30;0.06;0.14;0.4;1;0;1.1;180;1.6;220;25;12;1.3;7;Gluten,Milk
Hamburger;100;250;14;10;26;0;0.2;0.3;0;0;0.3;50;2;270;22;18;1.8;5;Gluten,Milk
Cheeseburger;100;295;16;15;26;0.05;0.25;0.4;0;0;0.4;150;1.8;280;24;22;2;7;Gluten,Milk
Hot dog;100;290;11;26;4;0;0.1;0.4;0;0;0.3;60;1.3;170;18;18;1.1;5;Gluten
French fries;100;312;3.5;15;41;0;0.2;0;4;0;0.6;15;0.8;579;40;0;0.4;2;
Mashed potatoes;100;88;1.8;3;14;0;0.18;0;7;0;0.3;17;0.3;280;20;0;0.3;2;Milk
Roast chicken;100;239;27;14;0;0;0.45;0.2;0;0;0.2;15;1;230;25;30;1.2;5;
Grilled beef steak;100;271;25;19;0;0;0.35;1.8;0;0;0.3;18;2.6;280;23;36;4.2;8;
Pork chop;100;231;25;14;0;0;0.45;0.7;0;0;0.4;20;1;350;25;31;2.5;6;
Grilled salmon;100;206;22;12;0;0.05;0.95;3.2;0;10;1.5;9;0.5;360;30;35;0.7;20;Fish
Baked cod;100;105;23;1;0;0.01;0.2;1;0;1;0.5;20;0.3;340;25;30;0.4;15;Fish
Shrimp cocktail;100;99;24;0.3;0.2;0;0.11;1.1;0;0;1.3;70;0.45;264;37;55;1.3;35;Shellfish
Sushi (tuna roll);100;143;8;4;20;0;0.1;0.5;1;0;0.2;25;1.2;120;18;20;0.6;4;Fish,Gluten
Sushi (salmon roll);100;150;9;5;21;0.05;0.12;0.4;1;0;0.3;28;1.1;130;20;22;0.7;4;Fish,Gluten
Omelette;100;154;11;11;1;0.15;0.22;1;0;1.5;1.1;56;1.7;130;12;30;1.2;40;Egg,Milk
Scrambled eggs;100;148;10;11;1;0.15;0.2;1.1;0;1.7;1;56;1.7;130;12;30;1.3;40;Egg,Milk
Pancakes;100;227;6;11;26;0.06;0.12;0.3;0;0.1;0.3;130;1.4;150;18;9;0.7;8;Gluten,Milk,Egg
Waffles;100;291;7;16;32;0.05;0.15;0.4;0;0.1;0.5;180;1.8;160;20;10;0.8;10;Gluten,Milk,Egg
Croissant;100;406;8;21;45;0.05;0.12;0.2;0;0;0.6;26;1.5;220;21;0;0.8;7;Gluten,Milk,Egg
White bread;100;265;9;3;49;0;0.08;0;0;0;0.4;144;2.8;115;23;0;1.1;10;Gluten
Whole grain bread;100;252;11;4;43;0;0.35;0;0;0;0.5;120;3.6;280;100;0;2.4;12;Gluten
Bagel;100;250;10;1;52;0;0.05;0;0;0;0.2;20;3.5;120;25;0;1.2;9;Gluten
Baguette;100;270;9;1.5;56;0;0.04;0;0;0;0.1;150;3;120;20;0;0.9;7;Gluten
Rice cake;100;387;8;3;80;0;0.11;0;0;0;0.4;11;0.9;230;131;0;2.3;1;
Cornflakes;100;357;8;2;84;0.01;0.8;0;2;0;0.8;10;8;150;40;5;3.7;2;Gluten
Oatmeal (cooked);100;71;2.5;1.5;12;0;0.04;0;0;0;0.2;80;0.4;100;27;0;0.8;2;Gluten
Muesli;100;350;10;7;65;0.01;0.6;0;2;0;1.2;60;3.5;500;120;5;2.5;3;Gluten,Nuts
Granola;100;471;10;20;64;0.01;0.6;0;2;0;2.5;60;3.5;500;120;5;2.5;3;Gluten,Nuts
Chocolate bar;100;546;7;31;59;0.01;0.03;0;1;0;0.9;73;2;559;146;7;2.3;1;Milk,Nuts
Milk chocolate;100;535;7;30;59;0.02;0.03;0;1;0;0.9;189;2;410;60;5;2.4;3;Milk
Dark chocolate (70%);100;598;8;43;46;0.01;0.03;0;0;0;0.8;73;11;715;228;6;3.3;2;
White chocolate;100;539;6;32;59;0.03;0.04;0;0;0;0.8;199;0.8;370;63;2;1.3;1;Milk
Ice cream (vanilla);100;207;3.5;11;24;0.02;0.05;0.4;0;0.1;0.3;128;0.3;199;20;3;0.5;5;Milk,Egg
Ice cream (chocolate);100;216;3.6;11;26;0.02;0.06;0.4;0;0.1;0.4;120;1.1;210;25;4;0.7;6;Milk,Egg
Frozen yogurt;100;159;4;4;27;0.02;0.06;0.3;0;0.1;0.5;143;0.5;200;18;4;0.6;5;Milk
Cheesecake;100;321;6;23;25;0.05;0.07;0.5;0;0.2;0.8;84;0.7;155;17;6;0.9;4;Milk,Egg,Gluten
Apple pie;100;237;2;11;34;0.05;0.04;0;2;0;0.6;10;0.4;80;8;0;0.3;2;Gluten
Donut;100;452;5;25;51;0.03;0.04;0;0;0;0.7;30;1.5;120;18;0;0.6;3;Gluten,Milk,Egg
Brownie;100;466;5;27;53;0.03;0.06;0;0;0;0.9;43;2.6;220;36;0;1.2;2;Gluten,Milk,Egg,Nuts
Cupcake;100;356;4;16;50;0.05;0.07;0.3;0;0;0.6;60;1.5;140;15;0;0.5;3;Gluten,Milk,Egg
Muffin (blueberry);100;377;6;15;55;0.05;0.08;0.3;0;0;0.8;90;1.6;160;18;0;0.6;4;Gluten,Milk,Egg
Croissant with chocolate;100;417;7;23;44;0.05;0.12;0.2;0;0;0.6;26;1.5;220;21;0;0.8;7;Gluten,Milk,Egg
Pancake with syrup;100;260;5;9;40;0.05;0.12;0.3;0;0;0.3;130;1.4;150;18;9;0.7;8;Gluten,Milk,Egg
Fruit yogurt;100;95;3.9;2.6;15;0.04;0.05;0.4;0;0.05;0.3;130;0.3;200;18;3;0.4;5;Milk
Chocolate pudding;100;130;3;4;21;0.02;0.04;0.3;0;0.05;0.4;110;0.5;200;16;2;0.3;4;Milk
Custard;100;122;3;4;19;0.05;0.06;0.5;0;0.1;0.3;110;0.5;190;15;2;0.3;4;Milk,Egg
Yogurt drink;100;62;2.9;1.5;9;0.03;0.04;0.3;0;0.05;0.3;120;0.3;160;12;2;0.4;4;Milk
Milkshake (chocolate);100;110;3.5;2;18;0.03;0.04;0.4;0;0.05;0.4;130;0.4;210;14;2;0.5;5;Milk
Milkshake (strawberry);100;105;3.2;1.8;18;0.03;0.04;0.4;1;0.05;0.4;125;0.4;200;13;2;0.5;5;Milk
Smoothie (fruit mix);100;55;1;0.5;12;0.06;0.08;0;18;0;0.4;20;0.3;180;15;0;0.2;2;
Orange juice;100;45;0.7;0.2;10;0.2;0.04;0;50;0;0.3;11;0.2;200;10;0;0.1;1;
Apple juice;100;46;0.1;0.1;11;0.001;0.02;0;1;0;0.2;8;0.1;101;5;0;0.1;1;
Grape juice;100;60;0.4;0.1;14;0.002;0.04;0;3;0;0.3;10;0.3;104;7;0;0.2;2;
Tomato juice;100;17;0.9;0.1;3.5;0.05;0.09;0;10;0;0.3;10;0.3;237;11;0;0.2;2;
Carrot juice;100;41;0.9;0.2;9;0.835;0.1;0;7;0;0.6;33;0.3;320;12;0;0.2;1;
Coconut water;100;19;0.7;0.2;3.7;0;0.03;0;2;0;0.1;24;0.3;250;25;0;0.2;2;
Coffee (black);100;2;0.2;0;0;0;0.001;0;0;0;0;5;0.01;49;3;0;0.02;1;
Coffee with milk;100;30;1.5;1;3;0.02;0.02;0.1;0;0.02;0.1;60;0.2;80;8;1;0.1;2;Milk
Tea (black);100;1;0;0;0.3;0;0;0;0;0;0;3;0.01;27;3;0;0.01;1;
Tea (green);100;1;0.2;0;0.2;0;0;0;0;0;0.3;1;0.02;16;2;0;0.01;1;
Cocoa drink;100;50;3;1.5;7;0.02;0.03;0.1;0;0.02;0.4;120;0.4;210;14;2;0.5;5;Milk
Cola;100;42;0;0;10.6;0;0;0;0;0;0;3;0;2;0;0;0;0;
Lemonade;100;39;0;0;10;0;0;0;20;0;0;3;0;2;0;0;0;0;
Mineral water;100;0;0;0;0;0;0;0;0;0;0;5;0;0;0;0;0;0;
Sparkling water;100;0;0;0;0;0;0;0;0;0;0;5;0;0;0;0;0;0;
Beef liver;100;135;20;4;3;16;0.9;59;27;0;0.6;5;6.2;313;18;39;4.0;9;
Chicken liver;100;167;24;6;1;3.3;0.8;16;25;0;1.2;11;9;230;18;54;4.0;12;
Pork liver;100;165;26;4;3;8.5;0.7;25;23;0;0.7;12;18;340;25;53;5.1;15;
Beef heart;100;127;17;5;0;0;0.4;8;0;0;0.3;11;4.2;287;23;32;3.6;10;
Beef kidney;100;99;17;3;0;0;0.4;26;10;0;0.3;13;4;250;18;27;2.9;8;
Pork kidney;100;105;16;4;0;0;0.35;20;9;0;0.3;11;3.7;280;20;28;2.8;7;
Chicken heart;100;185;16;13;0;0;0.3;8;0;0;0.4;9;4;260;25;30;2.4;6;
Duck liver;100;133;17;5;2;3.5;0.8;54;22;0;0.5;10;6;330;20;49;4.5;11;
Turkey liver;100;189;28;7;1;4.9;0.9;20;28;0;1.0;13;9;350;22;55;4.8;10;
Beef sausage;100;305;13;27;0;0;0.3;1.2;0;0;0.3;15;1.6;220;18;28;2.7;5;
Pork sausage;100;324;12;29;1;0;0.4;0.7;0;0;0.3;14;1.5;230;17;30;2.5;5;
Chicken sausage;100;196;15;14;2;0;0.4;0.2;0;0;0.3;12;1.1;220;20;24;1.8;4;
Hot smoked salmon;100;222;22;14;0;0.04;0.9;3.2;0;10;1.2;10;0.5;360;28;35;0.8;20;Fish
Smoked mackerel;100;305;18;25;0;0.03;0.6;8.7;0;13;1.4;12;1.5;320;90;35;1.4;40;Fish
Smoked ham;100;145;20;6;1;0;0.2;0.4;0;0;0.3;9;1.3;300;25;26;2.2;4;
Salami;100;336;22;28;1;0;0.3;0.9;0;0;0.3;20;1.5;250;20;27;2.4;5;
Bacon;100;541;37;42;1;0;0.4;1.2;0;0;0.2;11;1.4;565;15;34;2.7;3;
Ham;100;145;21;6;1;0;0.2;0.4;0;0;0.3;9;1.2;300;25;26;2.2;5;
Turkey ham;100;124;17;5;1;0;0.3;0.2;0;0;0.4;10;1.1;310;24;25;2.1;5;
Chicken nuggets;100;296;15;20;17;0;0.2;0.2;1;0;0.6;20;1.2;250;18;10;1.1;4;Gluten,Egg
Fish fingers;100;220;12;11;20;0.01;0.12;1.2;0;1;0.7;20;1;270;25;25;1.2;6;Fish,Gluten
Falafel;100;333;13;17;32;0;0.5;0;1;0;0.3;49;3.4;585;58;7;2.9;4;
Hummus;100;166;8;10;14;0;0.4;0;0;0;0.5;41;2.4;379;60;5;2.2;3;Sesame
Guacamole;100;160;2;15;9;0.01;0.25;0;10;0;2.0;12;0.6;485;29;0;0.6;2;
Tabbouleh;100;120;3;5;15;0.03;0.1;0;5;0;0.4;35;1.2;250;20;0;0.3;2;Gluten
Greek salad;100;98;3;7;5;0.05;0.1;0;8;0;1.1;110;0.7;250;20;2;0.3;4;Milk
Caesar salad;100;190;8;14;8;0.04;0.2;0.2;4;0;0.8;90;0.9;280;22;4;0.5;5;Milk,Egg,Gluten
Potato salad;100;143;2;9;13;0;0.15;0;5;0;0.3;15;0.5;280;18;0;0.3;2;Egg
Coleslaw;100;152;1;12;10;0.01;0.15;0;15;0;0.7;45;0.3;250;15;0;0.3;2;
Pasta salad;100;171;4;6;25;0.02;0.1;0;2;0;0.4;28;1.1;180;20;0;0.5;3;Gluten,Milk
Tuna salad;100;160;14;8;5;0.02;0.3;1.5;2;1;0.8;25;1.2;280;30;35;0.6;6;Fish,Egg
Egg salad;100;200;10;16;3;0.1;0.2;1;1;1.5;1.0;55;1.5;180;12;30;1.3;40;Egg,Milk
Chicken salad;100;130;12;7;3;0.02;0.3;0.3;2;0;0.5;25;1;230;25;20;0.8;5;Egg
Beef burger patty;100;240;25;16;0;0;0.3;1.5;0;0;0.2;15;2.4;250;20;35;4.0;6;
Vegetarian burger patty;100;190;11;9;15;0.02;0.2;0;2;0;0.7;40;2.2;320;40;2;1.5;4;Soy,Gluten
Falafel wrap;100;220;7;10;25;0;0.3;0;1;0;0.5;50;2;400;50;3;1.2;2;Gluten,Sesame
Chicken wrap;100;220;14;9;20;0.02;0.25;0.3;1;0;0.5;45;1.2;300;25;15;1.0;4;Gluten,Milk
Vegetable wrap;100;170;4;6;25;0.04;0.15;0;3;0;0.6;40;1.1;280;30;0;0.5;3;Gluten
Taco (beef);100;220;12;12;15;0;0.25;0.4;2;0;0.8;80;2;250;25;20;1.1;4;Gluten,Milk
Taco (chicken);100;210;14;10;15;0;0.25;0.3;2;0;0.7;75;1.8;240;23;18;1.0;3;Gluten,Milk
Burrito;100;225;10;8;28;0.02;0.3;0.4;2;0;0.7;90;1.7;280;30;20;1.0;4;Gluten,Milk
Quesadilla;100;310;14;20;22;0.05;0.3;0.5;1;0;0.9;180;1.2;280;25;25;1.4;6;Gluten,Milk
Nachos with cheese;100;330;8;19;34;0.03;0.15;0.2;2;0;0.8;200;1.5;310;30;25;1.2;5;Gluten,Milk
Tortilla chips;100;489;6;23;64;0;0.3;0;0;0;1.0;144;2;430;60;0;1.5;3;Gluten
French baguette sandwich (ham & cheese);100;280;14;12;26;0.03;0.15;0.4;0;0;0.8;180;1.5;260;22;20;1.2;6;Gluten,Milk
Club sandwich;100;260;12;10;28;0.02;0.2;0.3;0;0;0.7;150;1.6;230;20;15;1.0;5;Gluten,Milk,Egg
Panini;100;300;13;15;30;0.03;0.2;0.3;0;0;0.9;160;1.8;240;25;20;1.2;5;Gluten,Milk
Croque monsieur;100;320;15;17;28;0.04;0.22;0.4;0;0;0.9;190;1.5;260;20;22;1.3;6;Gluten,Milk,Egg
BLT sandwich;100;280;12;15;25;0.02;0.18;0.3;2;0;0.8;160;1.6;230;18;15;1.1;4;Gluten,Milk
Wrap with salmon;100;230;13;10;20;0.05;0.3;2.0;1;5;1.2;120;1.1;300;25;28;1.0;5;Fish,Gluten
Sushi (California roll);100;143;7;4;21;0;0.1;0.4;1;0;0.3;28;1.1;130;18;20;0.6;4;Fish,Gluten
Seaweed salad;100;70;2;4;8;0.03;0.1;0;2;0;0.8;168;2;340;30;8;0.5;300;Fish
Miso soup;100;36;3;1;4;0;0.05;0;0;0;0.1;12;1.1;150;10;0;0.2;7;Soy,Gluten
Ramen;100;436;10;20;55;0.03;0.15;0;2;0;0.7;30;2;180;25;0;0.5;6;Gluten,Milk,Egg
Pho;100;65;4;2;9;0;0.1;0;1;0;0.3;15;0.5;180;20;0;0.4;2;Gluten
Pad Thai;100;160;7;5;23;0.03;0.2;0;3;0;0.6;45;1.2;240;30;0;0.6;4;Egg,Peanut
Curry rice;100;175;4;6;27;0.01;0.2;0;2;0;0.4;25;1;190;25;0;0.5;3;
Butter chicken;100;195;12;12;8;0.01;0.35;0.2;2;0;0.7;45;1.2;230;25;15;1.2;2;Milk
Paneer tikka;100;280;18;20;5;0.03;0.3;0.4;2;0;0.8;208;1.1;250;22;25;1.4;4;Milk
Biryani;100;160;6;4;24;0.01;0.15;0;1;0;0.3;30;1;180;20;0;0.4;2;Gluten
Samosa;100;262;5;17;22;0;0.2;0;1;0;0.6;30;1.2;190;20;0;0.5;3;Gluten
Spring roll;100;180;4;8;24;0;0.1;0;3;0;0.5;40;0.8;180;18;0;0.4;2;Gluten
Dumplings;100;170;8;6;22;0;0.1;0;2;0;0.4;50;1;220;25;0;0.5;3;Gluten
Gyoza;100;200;9;8;25;0;0.12;0;2;0;0.5;55;1.1;230;28;0;0.6;3;Gluten
Fried tofu;100;270;16;20;8;0;0.15;0;0;0;0.4;350;5.4;121;30;17;1.8;8;Soy
Tofu stir-fry;100;180;12;10;10;0;0.2;0;2;0;0.6;180;4;290;40;10;1.6;5;Soy
Vegetable stir-fry;100;120;3;6;14;0.05;0.1;0;6;0;0.6;60;1.2;280;30;0;0.4;2;
Chicken stir-fry;100;150;14;8;7;0.02;0.25;0.2;2;0;0.6;40;1.1;260;25;15;1.1;3;
Beef stir-fry;100;175;15;10;6;0;0.3;0.3;2;0;0.5;35;1.3;250;22;20;1.2;4;
Sweet and sour chicken;100;180;12;7;15;0.02;0.25;0.2;3;0;0.7;40;1.1;270;25;15;1.1;4;
Kung pao chicken;100;210;14;12;10;0.02;0.3;0.2;2;0;0.9;45;1.2;280;28;15;1.2;5;Peanut,Gluten
Teriyaki chicken;100;190;15;8;10;0.02;0.3;0.2;1;0;0.7;42;1.1;270;27;15;1.1;4;Gluten
Sesame noodles;100;220;7;8;28;0.01;0.1;0;1;0;0.9;50;1.4;300;35;0;0.6;3;Gluten,Sesame
Fried rice with egg;100;170;5;6;25;0;0.15;0.2;2;0;0.4;30;1;190;25;0;0.4;2;Egg,Gluten
Vegetable fried rice;100;160;4;5;26;0.01;0.15;0;2;0;0.4;25;1;180;22;0;0.4;2;Gluten
Egg fried rice;100;168;5;6;25;0;0.15;0.3;2;0;0.4;27;1;190;24;0;0.5;3;Egg,Gluten
Beef fried rice;100;175;8;7;22;0;0.2;0.4;2;0;0.5;30;1.2;200;25;0;0.6;3;Gluten
Shrimp fried rice;100;170;9;6;21;0;0.2;0.8;2;0;0.5;35;1.1;210;28;20;0.8;4;Shellfish,Gluten
Vegetable soup with noodles;100;65;2.5;1;11;0.03;0.12;0;5;0;0.4;30;0.6;220;18;0;0.3;2;Gluten
Chicken noodle soup;100;80;5;3;8;0;0.2;0.3;2;0;0.3;25;0.8;230;20;8;0.5;3;Gluten,Egg
Tomato soup with cream;100;58;1.5;2.5;9;0.08;0.1;0;6;0;0.6;40;0.5;210;14;0;0.3;2;Milk
Pumpkin soup;100;50;1.3;1.5;8;0.4;0.1;0;6;0;0.6;38;0.6;220;18;0;0.3;2;
Mushroom soup;100;48;2.5;2;5;0;0.15;0;2;0;0.5;22;0.5;180;16;0;0.3;2;
Cream of broccoli soup;100;70;3;4;7;0.03;0.15;0;6;0;0.7;60;0.8;230;20;0;0.4;3;Milk
Vegetable lasagna;100;133;6;6;14;0.05;0.15;0.2;3;0;0.5;110;1.1;220;18;8;0.6;4;Gluten,Milk
Meat lasagna;100;150;9;7;15;0.05;0.2;0.3;2;0;0.6;120;1.3;240;20;10;0.7;5;Gluten,Milk
Spaghetti carbonara;100;180;8;9;16;0.02;0.2;0.4;0;0;0.8;100;1.4;210;22;12;0.8;4;Gluten,Milk,Egg
Macaroni and cheese;100;164;6;7;20;0.03;0.1;0.3;0;0;0.6;140;0.8;180;18;8;0.6;3;Gluten,Milk
Pasta bolognese;100;158;7;6;18;0.03;0.15;0.4;3;0;0.7;90;1.2;200;20;10;0.7;3;Gluten
Pasta alfredo;100;172;6;9;17;0.04;0.12;0.3;0;0;0.9;150;0.9;190;18;8;0.6;3;Gluten,Milk
Risotto (mushroom);100;138;4;4;21;0;0.1;0;1;0;0.4;35;0.6;210;18;0;0.3;2;Gluten
Paella;100;150;7;5;20;0;0.2;0.4;2;0;0.6;40;1.2;230;25;12;0.8;4;Fish,Shellfish
Couscous with vegetables;100;110;3;2;20;0;0.1;0;2;0;0.3;20;0.5;180;18;0;0.3;2;Gluten
Bulgur pilaf;100;130;4;3;22;0;0.1;0;1;0;0.3;25;0.7;190;20;0;0.3;2;Gluten
Quinoa salad;100;120;5;4;18;0;0.15;0;2;0;0.5;40;1.2;260;35;4;0.7;3;
Greek yogurt;100;59;10;0.4;3.6;0.03;0.04;0.4;0;0.05;0.2;110;0.1;141;11;2;0.6;5;Milk
Kefir;100;41;3.3;0.9;4.7;0.04;0.05;0.4;0;0.05;0.1;120;0.2;150;13;2;0.5;4;Milk
Skyr;100;63;11;0.2;4;0.03;0.05;0.4;0;0.05;0.2;120;0.1;150;12;2;0.6;4;Milk
Ricotta cheese;100;174;11;13;3;0.05;0.1;0.4;0;0.05;0.3;207;0.3;105;11;2;0.6;4;Milk
Mozzarella;100;280;28;17;3;0.05;0.1;0.4;0;0.2;0.6;731;0.6;95;22;14;3.1;5;Milk
Feta cheese;100;265;14;21;4;0.06;0.1;0.5;0;0.2;0.5;493;0.7;95;19;13;2.8;6;Milk
Goat cheese;100;364;22;30;2;0.06;0.1;0.5;0;0.2;0.6;298;1;40;15;9;2.4;4;Milk
Parmesan;100;392;36;26;3;0.05;0.1;1.4;0;0.3;0.7;1184;0.9;180;40;30;3.6;8;Milk
Camembert;100;300;19;24;0;0.05;0.1;1.3;0;0.3;0.7;388;1;90;15;18;2.8;5;Milk
Blue cheese;100;353;21;28;2;0.05;0.1;1.1;0;0.5;0.8;528;0.9;110;23;20;3.1;7;Milk
Edam cheese;100;357;26;27;2;0.05;0.1;1.3;0;0.4;0.8;710;0.6;80;24;16;3;5;Milk
Brie cheese;100;334;21;27;0;0.05;0.1;1.1;0;0.3;0.8;184;0.5;170;20;15;2.5;5;Milk
Cereal bar;100;397;8;12;65;0.01;0.6;0;2;0;1.2;60;3.5;400;100;5;2.5;3;Gluten,Nuts
Energy bar;100;420;12;15;55;0.01;0.6;0;2;0;1.2;70;4;450;120;6;3;3;Gluten,Nuts
Protein bar;100;360;30;10;35;0.02;0.8;0;1;0;0.9;100;5;500;150;8;4;4;Milk,Soy
Peanut butter;100;588;25;50;20;0;0.3;0;0;0;8;43;1.9;649;168;7;3.3;3;Peanut
Almond butter;100;614;21;56;19;0;0.12;0;0;0;25;347;3.3;746;270;4;3.1;2;Nuts
Hazelnut spread;100;539;6;30;59;0;0.1;0;0;0;8;114;4.5;410;146;3;2.3;1;Milk,Nuts
Jam (strawberry);100;250;0.3;0.1;65;0.01;0.02;0;5;0;0.1;15;0.3;170;10;0;0.2;1;
Honey;100;304;0.3;0;82;0;0;0;0;0;0.1;6;0.4;52;2;0;0.1;1;
Maple syrup;100;260;0;0;68;0;0;0;0;0;0;102;0.2;212;21;0;0.1;1;
Chocolate spread;100;541;5;31;56;0;0.1;0;0;0;4;114;4.3;410;146;3;2.3;1;Milk,Nuts
Tomato sauce;100;29;1.3;0.2;6;0.05;0.15;0;14;0;1;16;0.8;330;20;0;0.4;2;
Pesto sauce;100;470;4;47;5;0.05;0.3;0;0;0;10;150;2.5;260;55;1;1;2;Nuts,Milk
Barbecue sauce;100;150;1;0.3;37;0;0.05;0;1;0;0.5;20;0.5;150;15;0;0.3;2;
Soybean oil;100;884;0;100;0;0;0;0;0;0;17;1;0;1;0;0;0;0;
Avocado oil;100;884;0;100;0;0;0;0;0;0;20;1;0;1;0;0;0;0;
Coconut milk;100;230;2;24;3;0;0.04;0;2;0;0.3;16;2;263;37;0;0.7;2;
Coconut cream;100;330;3;34;6;0;0.05;0;3;0;0.4;20;2.5;300;40;0;0.8;2;
Coconut flour;100;400;18;13;60;0;0.1;0;0;0;0.8;50;3;700;90;0;2;3;
Wheat flour;100;364;10;1;76;0;0.06;0;0;0;0.1;15;1.2;120;25;0;0.7;2;Gluten
Rye flour;100;335;9;2;70;0;0.25;0;0;0;0.1;24;2.5;451;133;0;2.1;1;Gluten
Corn flour;100;361;7;3;76;0;0.4;0;0;0;0.3;7;1.5;315;127;0;1.5;1;
Rice flour;100;366;6;1;80;0;0.1;0;0;0;0.1;10;0.8;75;35;0;0.6;1;
Oat flour;100;404;15;7;66;0;0.1;0;0;0;0.3;47;4.7;429;177;0;3.9;1;Gluten
Almond flour;100;571;21;50;19;0;0.14;0;0;0;26;269;3.7;733;270;4;3.1;2;Nuts
Chickpea flour;100;387;22;6;58;0;0.54;0;0;0;0.8;45;4;846;166;8;3;2;
Pea flour;100;360;22;2;65;0;0.4;0;0;0;0.4;37;5;980;160;7;2.9;2;
Potato starch;100;333;0;0;83;0;0;0;0;0;0;10;0.3;30;3;0;0;0;
Corn starch;100;381;0;0;91;0;0;0;0;0;0;2;0.1;3;1;0;0;0;
Buckwheat flour;100;343;13;3;71;0;0.2;0;0;0;0.1;18;2.2;460;231;8;2.4;2;
Rice noodles;100;364;7;1;80;0;0.1;0;0;0;0.1;10;0.8;75;35;0;0.6;1;
Udon noodles;100;127;4;0.2;27;0;0.05;0;0;0;0.1;6;0.5;75;10;0;0.3;1;Gluten
Soba noodles;100;99;5;0.1;21;0;0.15;0;0;0;0.2;10;0.8;150;40;0;0.4;2;Gluten
Rice vermicelli;100;364;7;1;80;0;0.1;0;0;0;0.1;10;0.8;75;35;0;0.6;1;
Instant noodles;100;470;10;21;60;0;0.15;0;0;0;0.8;30;2;180;25;0;0.6;3;Gluten
Toasted bread;100;313;12;4;59;0;0.1;0;0;0;0.4;144;2.8;115;23;0;1.1;10;Gluten
Crackers;100;432;9;14;67;0;0.05;0;0;0;0.6;40;3.8;220;50;0;2.5;4;Gluten
Pretzels;100;380;10;3;80;0;0.1;0;0;0;0.4;70;3.5;250;55;0;2.2;4;Gluten
Breadsticks;100;412;10;7;74;0;0.1;0;0;0;0.4;50;3.2;220;40;0;2;3;Gluten
Popcorn (air-popped);100;387;13;4;78;0;0.2;0;0;0;0.3;7;3;320;120;0;3.2;2;
Potato chips;100;536;7;35;53;0;0.3;0;10;0;4;18;1;1400;40;0;0.7;3;
Tortilla chips (plain);100;490;6;23;64;0;0.3;0;0;0;1.0;144;2;430;60;0;1.5;3;Gluten
Rice cakes (plain);100;387;8;3;80;0;0.1;0;0;0;0.4;11;0.9;230;131;0;2.3;1;
Peanut snacks;100;580;22;45;28;0;0.35;0;0;0;8;50;2;700;180;8;3.5;3;Peanut
Almond snacks;100;610;21;55;18;0;0.12;0;0;0;26;269;3.7;733;270;4;3.1;2;Nuts
Granola bar;100;430;8;14;70;0.01;0.6;0;2;0;1.2;60;3.5;400;100;5;2.5;3;Gluten,Nuts
Protein shake (vanilla);100;80;15;1;3;0.02;0.6;0;0;0;0.3;150;1;200;30;5;2;4;Milk,Soy
Protein shake (chocolate);100;85;15;1;4;0.02;0.6;0;0;0;0.3;150;1;200;30;5;2;4;Milk,Soy
Soy milk;100;43;3.5;1.5;4;0;0.15;0;0;0;0.1;25;0.6;118;15;3;0.3;3;Soy
Almond milk;100;17;0.6;1;0.6;0;0.05;0;0;0;4;188;0.3;65;6;0;0.2;2;Nuts
Oat milk;100;46;1;1.5;8;0;0.1;0;0;0;0.3;120;0.3;160;12;0;0.4;3;Gluten
Coconut milk (drink);100;27;0.2;2.5;1;0;0.02;0;0;0;0.2;16;0.1;150;10;0;0.1;1;
Rice milk;100;47;0.3;1;9;0;0.03;0;0;0;0.1;118;0.2;40;10;0;0.2;2;
Chocolate milk;100;77;3.2;1.2;12;0.02;0.05;0.4;0;0.05;0.3;125;0.4;210;14;2;0.5;5;Milk
Yogurt (low-fat);100;63;5;1.6;7;0.03;0.05;0.4;0;0.03;0.06;121;0.05;155;11;2;0.5;13;Milk
Fermented baked milk;100;52;3;2.5;4;0.03;0.05;0.4;0;0.05;0.1;120;0.2;150;13;2;0.5;4;Milk
Whipped cream;100;257;2.5;26;3;0.05;0.04;0.4;0;0.08;0.3;66;0.07;76;7;1;0.3;20;Milk
Condensed milk (sweetened);100;321;8;9;54;0.05;0.1;0.5;0;0.05;0.3;284;0.3;370;27;3;0.6;10;Milk
Evaporated milk;100;135;7;7.5;10;0.05;0.05;0.6;0;0.05;0.3;284;0.3;370;27;3;0.6;10;Milk
Cream cheese;100;342;6;34;5;0.05;0.05;0.3;0;0.05;0.3;98;0.3;132;9;2;0.5;5;Milk
Sour cream;100;193;3;20;4;0.05;0.05;0.3;0;0.05;0.3;141;0.2;250;10;2;0.4;5;Milk
Cottage cheese (low-fat);100;81;11;1;3;0.03;0.08;0.9;0;0;0.08;83;0.11;104;8;9;0.41;13;Milk
Cottage cheese (full-fat);100;98;11;4.3;3.4;0.03;0.08;0.9;0;0;0.08;83;0.11;104;8;9;0.41;13;Milk
Porridge (milk-based);100;92;3;2.5;15;0.02;0.05;0.3;0;0;0.2;110;0.4;150;14;0;0.4;3;Milk,Gluten
Oat porridge (water);100;71;2.5;1.5;12;0;0.04;0;0;0;0.2;80;0.4;100;27;0;0.8;2;Gluten
Muesli with milk;100;132;4;4;18;0.02;0.05;0.4;0;0;0.3;100;0.4;200;20;0;0.4;3;Milk,Gluten
Fruit salad;100;50;0.8;0.2;12;0.05;0.1;0;25;0;0.6;30;0.3;200;15;0;0.2;2;
Vegetable salad;100;40;1;1;7;0.06;0.1;0;10;0;0.6;45;0.6;230;18;0;0.3;2;
Mixed nuts;100;607;20;54;20;0;0.5;0;2;0;15;240;4;632;260;6;3.5;2;Nuts
Trail mix;100;450;14;30;36;0.05;0.3;0;3;0;5;100;3;560;190;5;2.4;2;Nuts
Dried apricots;100;241;3.4;0.5;63;0.18;0.14;0;10;0;4;55;2.7;1162;41;3;0.4;2;
Raisins;100;299;3;0.5;79;0;0.32;0;3;0;0.12;50;1.9;749;32;0;0.3;2;
Dates;100;277;2;0.2;75;0;0.16;0;0;0;0.05;64;1;696;54;0;0.3;2;
Prunes;100;240;2.2;0.4;64;0;0.21;0;0;0;0.4;43;0.9;732;41;0;0.4;2;
Dried figs;100;249;3.3;0.9;64;0;0.1;0;1;0;0.3;162;2;680;68;0;0.6;3;
Dried cranberries;100;308;0.1;1;82;0;0.02;0;1;0;0.5;8;0.3;70;6;0;0.1;1;
Banana chips;100;519;2.3;34;58;0;0.37;0;8;0;1;18;0.8;490;76;1;0.8;2;
Beef jerky;100;410;33;27;4;0;0.5;1.5;0;0;0.5;20;3;590;50;70;5;8;
Turkey jerky;100;335;30;24;2;0;0.4;0.4;0;0;0.5;15;2;480;40;60;4;7;
Tofu jerky;100;270;25;15;10;0;0.2;0;0;0;0.4;350;5;200;35;15;2;5;Soy
Vegetable chips;100;510;5;33;52;0.05;0.3;0;10;0;4;35;2;700;60;0;0.7;2;
Energy drink;100;45;0;0;11;0;0;0;0;0;0;3;0;2;0;0;0;0;
Sports drink;100;24;0;0;6;0;0;0;0;0;0;5;0;3;0;0;0;0;
Herbal tea;100;1;0;0;0.2;0;0;0;0;0;0.1;2;0;10;1;0;0;0;
Vegetable juice;100;18;0.8;0.1;3.8;0.05;0.09;0;10;0;0.3;12;0.3;230;15;0;0.2;2;
Fruit smoothie (banana);100;80;1;0.5;18;0.06;0.08;0;10;0;0.4;30;0.3;200;15;0;0.2;2;
Protein smoothie;100;95;10;1;8;0.02;0.6;0;0;0;0.3;150;1;200;30;5;2;4;Milk,Soy
Kombucha;100;20;0.3;0.1;4.5;0;0.02;0;0;0;0.1;10;0.1;25;3;0;0.05;0;
Wine (red);100;85;0.1;0;2.6;0;0;0;0;0;0;8;0.4;127;10;0;0.1;0;
Wine (white);100;82;0.1;0;2.6;0;0;0;0;0;0;9;0.3;95;8;0;0.1;0;
Beer (lager);100;43;0.5;0;3.6;0;0;0;0;0;0;4;0.1;27;6;0;0.05;0;Gluten
Beer (dark);100;49;0.6;0;3.8;0;0;0;0;0;0;5;0.2;30;7;0;0.05;0;Gluten
Cider;100;47;0;0;6;0;0;0;0;0;0;3;0.1;20;5;0;0.05;0;
Tofu scramble;100;145;12;9;5;0;0.25;0;2;0;0.5;160;4;200;40;10;1.6;5;Soy
Seitan;100;370;75;2;14;0;0.4;0;0;0;0.3;142;5;380;45;0;2.7;3;Gluten
Tempeh bacon;100;210;19;11;9;0;0.3;0;0;0;0.9;111;2.7;412;81;0;1.1;3;Soy
Veggie burger (bean-based);100;190;10;7;22;0;0.25;0;2;0;0.6;55;2.2;340;45;2;1.3;3;Soy,Gluten
Veggie sausage;100;160;15;6;10;0;0.2;0;0;0;0.6;60;2;300;40;2;1.1;3;Soy,Gluten
Tofu curry;100;170;10;9;12;0;0.2;0;3;0;0.7;180;4;230;35;15;1.7;5;Soy
Vegan chili;100;140;8;4;18;0;0.3;0;6;0;0.8;70;2.8;380;55;2;1.3;3;
Lentil stew;100;120;9;3;14;0;0.25;0;5;0;0.4;45;3.1;370;45;2;1.2;3;
Chickpea curry;100;150;8;6;18;0;0.3;0;3;0;0.7;55;2.9;340;48;3;1.3;3;
Vegan pasta bolognese;100;165;9;6;18;0;0.25;0;4;0;0.5;50;2;300;40;2;1.1;3;Gluten
Vegan lasagna;100;150;7;7;15;0;0.2;0;3;0;0.6;90;1.2;280;35;2;0.8;3;Gluten,Soy
Plant-based nuggets;100;210;17;10;13;0;0.2;0;0;0;0.8;40;1.8;270;30;2;1.2;4;Soy,Gluten
Vegan cheese;100;300;2;28;5;0;0;0;0;0;2;20;0.4;40;6;0;0.2;1;
Vegan yogurt (soy);100;70;3.5;2.5;8;0;0.1;0;0;0;0.2;120;0.3;150;12;2;0.4;4;Soy
Vegan yogurt (coconut);100;80;1.5;4.5;9;0;0.05;0;0;0;0.3;15;0.2;120;10;0;0.2;2;
Vegan mayo;100;650;1;72;2;0;0.01;0;0;0;6;10;0.2;15;1;0;0.1;1;Soy
Vegan protein powder;100;370;75;5;8;0;1.5;0;0;0;1;120;8;900;180;15;6;4;Soy
Soy protein isolate;100;377;88;3;1;0;0.9;0;0;0;1.1;178;15;1800;280;18;4.8;5;Soy
Pea protein powder;100;380;82;4;3;0;0.8;0;0;0;0.9;100;6;850;160;12;3.8;3;
Whey protein concentrate;100;400;80;5;6;0;0.8;0.5;0;0;0.7;400;1;1000;150;8;3.5;4;Milk
Whey protein isolate;100;370;90;1;2;0;0.9;0.6;0;0;0.8;500;1;1100;160;9;3.6;5;Milk
Casein protein;100;380;82;3;5;0;0.8;0.5;0;0;0.6;600;1.2;900;120;10;3.3;4;Milk
Vegan energy gel;100;250;0;0;62;0;0;0;0;0;0;10;0;100;10;0;0;0;
Electrolyte drink;100;20;0;0;5;0;0;0;0;0;0;15;0;40;5;0;0;0;
Sports recovery shake;100;120;15;1;10;0.02;0.6;0;0;0;0.3;180;1;200;30;5;2;4;Milk,Soy
Energy chew;100;350;2;1;84;0;0;0;0;0;0.1;5;0.2;60;5;0;0.1;0;
Protein cookie;100;380;25;13;40;0;0.4;0;0;0;0.5;110;3;400;100;6;2.8;3;Milk,Gluten
Protein brownie;100;370;23;12;38;0;0.4;0;0;0;0.5;120;3;420;110;6;2.7;3;Milk,Gluten
Plant-based milkshake;100;75;2;2;12;0;0.05;0;0;0;0.2;120;0.3;150;10;0;0.3;3;Soy
Vegan smoothie bowl;100;120;3;4;20;0.05;0.1;0;10;0;0.7;50;1.2;280;30;0;0.5;3;
Acai bowl;100;140;2;5;22;0.03;0.1;0;12;0;2;60;1.3;300;35;0;0.5;3;
Avocado toast;100;180;4;9;18;0.01;0.15;0;5;0;1.8;60;1.1;250;25;0;0.6;3;Gluten
Oat pancakes;100;210;6;7;28;0;0.1;0;0;0;0.5;120;1.2;200;30;0;0.5;3;Gluten,Egg
Banana bread;100;326;5;9;58;0.03;0.15;0;2;0;0.7;20;1.3;250;25;0;0.6;3;Gluten,Egg
Carrot cake;100;412;5;23;47;0.3;0.2;0;2;0;1;60;1.5;280;35;0;0.7;4;Gluten,Milk,Egg
Vegan brownie;100;380;5;20;48;0.03;0.1;0;0;0;1.1;40;2.2;250;30;0;0.6;3;Gluten
Protein pancakes;100;260;20;6;28;0;0.2;0.2;0;0;0.4;130;1.2;210;25;0;0.8;3;Milk,Egg,Gluten
Overnight oats;100;150;6;5;20;0;0.1;0;0;0;0.4;120;0.6;200;30;0;0.6;3;Gluten,Milk
Chia pudding;100;135;5;8;12;0;0.1;0;1;0;0.4;190;2;250;130;10;1.2;4;
Smoothie (green);100;40;2;0.5;8;0.07;0.1;0;15;0;0.6;50;1.2;250;25;0;0.5;3;
Spinach omelette;100;160;11;11;2;0.47;0.2;1.1;10;1.8;1.3;60;1.7;220;18;30;1.3;40;Egg,Milk
Salmon sandwich;100;230;15;10;18;0.05;0.3;3.2;1;5;1.1;120;1.1;300;25;28;1.0;5;Fish,Gluten
Tuna pasta salad;100;185;12;7;18;0.02;0.3;2.5;2;1;0.7;35;1.2;280;30;35;0.6;6;Fish,Gluten
Shrimp stir-fry;100;150;14;7;8;0;0.2;1.1;3;0;0.8;70;0.8;290;35;50;1.2;5;Shellfish
Egg fried noodles;100;170;6;6;24;0;0.15;0.3;1;0;0.4;45;1.1;250;25;0;0.5;3;Gluten,Egg
Vegetable sushi;100;120;3;2;22;0;0.1;0;1;0;0.3;25;1.1;130;18;0;0.4;3;Gluten
Tofu sushi;100;125;6;4;18;0;0.1;0;1;0;0.3;50;1.1;130;18;0;0.4;3;Soy,Gluten
Cabbage rolls;100;130;6;6;13;0.05;0.15;0;8;0;0.6;70;1.2;280;30;0;0.5;3;Gluten
Stuffed peppers;100;120;5;5;15;0.05;0.15;0;6;0;0.5;45;1.2;260;28;0;0.5;3;
Roasted vegetables;100;90;2;5;10;0.05;0.1;0;8;0;0.6;50;1;300;25;0;0.5;2;
Grilled tofu skewers;100;180;12;9;8;0;0.15;0;2;0;0.7;180;4;230;35;15;1.7;5;Soy
Vegetable stew;100;95;3;4;12;0.05;0.15;0;8;0;0.6;55;1.2;280;30;0;0.5;3;
Vegetarian chili;100;140;8;4;18;0;0.3;0;6;0;0.8;70;2.8;380;55;2;1.3;3;
Tomato risotto;100;135;4;4;20;0.05;0.1;0;2;0;0.5;35;0.6;210;18;0;0.3;2;Gluten
Butternut squash soup;100;60;1;2;10;0.4;0.1;0;9;0;0.6;40;0.5;230;18;0;0.3;2;
Lentil curry;100;160;9;5;18;0;0.3;0;3;0;0.7;55;2.9;340;48;3;1.3;3;
Vegetable couscous;100;115;3;3;19;0.02;0.1;0;3;0;0.4;25;0.6;180;18;0;0.3;2;Gluten
Vegan burrito;100;220;8;8;28;0.02;0.3;0;2;0;0.6;90;1.7;280;30;20;1;4;Gluten
Sweet potato fries;100;150;2;5;25;0.7;0.2;0;2;0;0.4;30;0.6;330;30;0;0.3;2;
Roasted chickpeas;100;365;19;6;60;0;0.5;0;1;0;0.8;45;5;970;160;7;2.9;3;
Baked tofu;100;160;14;8;5;0;0.2;0;0;0;0.5;350;5.4;121;30;17;1.8;8;Soy
Edamame;100;121;11;5;9;0;0.1;0;6;0;0.7;63;2.3;436;65;3;1.4;3;Soy
Pea soup;100;85;5;1;12;0.04;0.2;0;5;0;0.4;25;1.8;220;25;3;0.9;2;
Mushroom risotto;100;140;4;4;22;0.02;0.1;0;1;0;0.5;35;0.6;210;18;0;0.3;2;Gluten
Pumpkin risotto;100;150;4;4;25;0.42;0.1;0;3;0;0.6;40;0.6;220;18;0;0.3;2;Gluten
Vegetable curry with rice;100;155;4;5;23;0.05;0.2;0;4;0;0.7;35;1;230;25;0;0.4;2;
Coconut curry;100;190;3;13;14;0;0.2;0;3;0;0.8;45;1.2;250;30;0;0.5;3;
